Corte #;Início Vídeo Final;Fim Vídeo Final;Duração (s);Início Filme;Fim Filme;Crop X (1080x1920);Foco Principal;Ação / Descrição
1;00:00:00.000;00:00:04.000;4.00;00:01:48.000;00:01:52.000;1923;x=680.0;Peter segurando bilhete amassado para MJ
2;00:00:04.000;00:00:05.790;1.79;00:01:55.000;00:01:56.790;1597;x=590.0;Rosto de Peter abatido, engolindo a dor
3;00:00:05.790;00:00:07.720;1.93;00:01:56.790;00:01:58.720;1597;x=590.0;Rosto de Peter abatido, engolindo a dor
4;00:00:07.720;00:00:11.200;3.48;00:03:28.000;00:03:31.480;728;x=350.0;Peter no metrô com curativo, cercado por estranhos
5;00:00:11.200;00:00:14.560;3.36;00:02:48.000;00:02:51.360;692;x=340.0;Homem-Aranha agachado em gárgula na neblina noturna
6;00:00:14.560;00:00:17.020;2.46;00:03:40.000;00:03:42.460;1670;x=610.0;Peter retirando o capuz e encarando a si mesmo
7;00:00:17.020;00:00:20.500;3.48;00:01:15.000;00:01:18.480;1874;x=666.5;Céu de Nova York se partindo com fendas dimensionais
8;00:00:20.500;00:00:24.100;3.60;00:04:10.000;00:04:13.600;2134;x=738.0;Peter sozinho no chão do quarto
9;00:00:24.100;00:00:27.500;3.40;00:30:40.000;00:30:43.400;1996;x=700.0;Ned e MJ conversando juntos sem reconhecê-lo
10;00:00:27.500;00:00:30.900;3.40;00:05:00.000;00:05:03.400;619;x=320.0;Peter sentado na cama em luto
11;00:00:30.900;00:00:34.200;3.30;00:04:00.000;00:04:03.300;239;x=215.0;Visão geral do apartamento vazio e humilde
12;00:00:34.200;00:00:35.200;1.00;00:04:20.000;00:04:21.000;1373;x=528.0;Costura manual do uniforme artesanal
13;00:00:35.200;00:00:37.600;2.40;00:04:21.000;00:04:23.400;1822;x=652.0;Costura manual do uniforme artesanal
14;00:00:37.600;00:00:39.310;1.71;00:04:40.000;00:04:41.710;3557;x=1193.0;Peter colocando a máscara sobre a cabeça
15;00:00:39.310;00:00:41.500;2.19;00:04:41.710;00:04:43.900;2521;x=845.0;Peter colocando a máscara sobre a cabeça
16;00:00:41.500;00:00:45.520;4.02;00:04:50.000;00:04:54.020;166;x=195.0;Salto para a escuridão da cidade
17;00:00:45.520;00:00:48.500;2.98;00:02:55.000;00:02:57.980;3557;x=1243.0;Voo rasante de teia entre edifícios
18;00:00:48.500;00:00:51.360;2.86;00:03:05.000;00:03:07.860;1778;x=640.0;Pouso respirando ofegante no parapeito
19;00:00:51.360;00:00:54.600;3.24;00:06:00.000;00:06:03.240;985;x=421.0;Tráfego noturno iluminado por giroflex
20;00:00:54.600;00:00:58.200;3.60;00:24:10.000;00:24:13.600;2166;x=747.0;Comboio de furgões táticos avançando
21;00:00:58.200;00:00:59.670;1.47;00:24:25.000;00:24:26.470;2959;x=966.0;Agentes descendo com armamento e rastreadores
22;00:00:59.670;00:01:02.000;2.33;00:24:26.470;00:24:28.800;489;x=284.0;Agentes descendo com armamento e rastreadores
23;00:01:02.000;00:01:05.480;3.48;00:07:30.000;00:07:33.480;1688;x=615.0;Comandante dando instruções pelo rádio
24;00:01:05.480;00:01:09.000;3.52;00:18:35.000;00:18:38.520;2285;x=780.0;Yelena Belova na piscina observando Peter
25;00:01:09.000;00:01:12.280;3.28;00:30:35.000;00:30:38.280;2539;x=850.0;Ned conversando na cozinha
26;00:01:12.280;00:01:16.400;4.12;01:15:30.000;01:15:34.120;1489;x=560.0;Jean Grey (Sadie Sink) amedrontada em refúgio
27;00:01:16.400;00:01:19.500;3.10;01:15:10.000;01:15:13.100;1340;x=519.0;Jean pressionando a fronte sob dor psíquica
28;00:01:19.500;00:01:22.840;3.34;01:15:20.000;01:15:23.340;898;x=397.0;Onda de choque quebrando móveis e vidros
29;00:01:22.840;00:01:26.720;3.88;01:18:30.000;01:18:33.880;2170;x=748.0;Miradores laser focados no alvo
30;00:01:26.720;00:01:30.840;4.12;02:00:00.000;02:00:04.120;1489;x=560.0;Lágrima escorrendo pelo rosto de Jean
31;00:01:30.840;00:01:32.390;1.55;01:36:30.000;01:36:31.550;2085;x=724.5;Aranha assumindo postura protetora na sala
32;00:01:32.390;00:01:34.000;1.61;01:36:31.550;01:36:33.160;2539;x=850.0;MJ falando e escrevendo com caneta no sofá
33;00:01:34.000;00:01:35.610;1.61;00:51:30.000;00:51:31.610;1090;x=450.0;Homem-Aranha na rua encarando o público
34;00:01:35.610;00:01:37.200;1.59;00:51:31.610;00:51:33.200;1998;x=700.5;Lentes da máscara do Aranha expressando pesar
35;00:01:37.200;00:01:39.280;2.08;01:18:20.000;01:18:22.080;3557;x=1158.0;Feixes de luz de helicópteros e holofotes
36;00:01:39.280;00:01:40.500;1.22;01:18:22.080;01:18:23.300;3166;x=1023.0;Feixes de luz de helicópteros e holofotes
37;00:01:40.500;00:01:43.960;3.46;01:18:40.000;01:18:43.460;3316;x=1064.5;Arrombamento com cargas explosivas
38;00:01:43.960;00:01:48.120;4.16;00:33:30.000;00:33:34.160;70;x=168.5;Peter machucado hesitando na escuridão
39;00:01:48.120;00:01:50.120;2.00;01:15:30.000;01:15:32.000;981;x=420.0;Dispositivo danificado e sem energia no chão
40;00:01:50.120;00:01:52.200;2.08;01:15:32.000;01:15:34.080;1634;x=600.0;Homem-Aranha fitando o chão com desespero
41;00:01:52.200;00:01:56.600;4.40;00:33:35.000;00:33:39.400;54;x=164.0;Peter sob chuva no beco deserto
42;00:01:56.600;00:01:59.580;2.98;00:51:35.000;00:51:37.980;655;x=330.0;Cidadão na rua falando diretamente com o Aranha
43;00:01:59.580;00:02:00.960;1.38;00:51:37.980;00:51:39.360;1766;x=636.5;Aranha cerrando os punhos e erguendo o queixo
44;00:02:00.960;00:02:04.080;3.12;01:00:30.000;01:00:33.120;0;x=121.0;Disparo veloz de teia tracionando o corpo
45;00:02:04.080;00:02:06.540;2.46;01:21:30.000;01:21:32.460;1778;x=640.0;Aranha quebrando janela e caindo no centro da batalha
46;00:02:06.540;00:02:07.200;0.66;01:21:32.460;01:21:33.120;1778;x=640.0;Aranha quebrando janela e caindo no centro da batalha
47;00:02:07.200;00:02:08.820;1.62;01:25:00.000;01:25:01.620;2104;x=730.0;Mulher correndo desesperada pelo corredor
48;00:02:08.820;00:02:10.000;1.18;01:25:01.620;01:25:02.800;913;x=401.0;Flashes de metralhadora e esquivas aéreas
49;00:02:10.000;00:02:12.920;2.92;01:51:30.000;01:51:32.920;1670;x=610.0;Guerreira de vermelho em posição de confronto
50;00:02:12.920;00:02:16.800;3.88;01:54:10.000;01:54:13.880;1570;x=582.5;Aranha segurando vigas com as teias sob esforço
51;00:02:16.800;00:02:17.770;0.97;02:00:10.000;02:00:10.970;1489;x=560.0;Jean olhando para trás com alívio e segurança
52;00:02:17.770;00:02:20.520;2.75;02:00:10.970;02:00:13.720;1489;x=560.0;Jean olhando para trás com alívio e segurança
53;00:02:20.520;00:02:23.500;2.98;02:12:25.000;02:12:27.980;1677;x=612.0;Fachada externa da cafeteria sob a luz do dia
54;00:02:23.500;00:02:26.480;2.98;02:12:35.000;02:12:37.980;1148;x=466.0;Peter abrindo a porta de vidro com cautela
55;00:02:26.480;00:02:29.500;3.02;00:01:49.000;00:01:52.020;398;x=259.0;Mão no bolso sentindo o papel
56;00:02:29.500;00:02:32.760;3.26;02:12:45.000;02:12:48.260;1996;x=700.0;Peter parado diante do balcão fitando MJ
57;00:02:32.760;00:02:34.700;1.94;02:14:50.000;02:14:51.940;1634;x=600.0;Ned e MJ sorrindo descontraídos
58;00:02:34.700;00:02:36.500;1.80;02:14:51.940;02:14:53.740;2700;x=750.0;Peter sorrindo na cafeteria olhando para MJ
59;00:02:36.500;00:02:37.800;1.30;01:30:00.000;01:30:01.300;3010;x=980.0;Sorriso calmo de MJ livre de perigo
60;00:02:37.800;00:02:39.500;1.70;01:30:01.300;01:30:03.000;1199;x=480.0;Sorriso calmo de MJ livre de perigo
61;00:02:39.500;00:02:42.840;3.34;02:12:30.000;02:12:33.340;1706;x=620.0;Peter com lágrimas contidas mas sorriso sincero
62;00:02:42.840;00:02:45.000;2.16;00:01:52.000;00:01:54.160;1702;x=619.0;Soltando o bilhete no bolso
63;00:02:45.000;00:02:47.240;2.24;02:12:50.000;02:12:52.240;1350;x=450.0;Peter caminhando pela calçada ao telefone
64;00:02:47.240;00:02:50.430;3.19;02:12:32.000;02:12:35.190;1670;x=610.0;Peter na calçada respirando a brisa da manhã
65;00:02:50.430;00:02:51.480;1.05;02:12:35.190;02:12:36.240;1670;x=610.0;Peter na calçada respirando a brisa da manhã
66;00:02:51.480;00:02:54.120;2.64;00:02:50.000;00:02:52.640;1695;x=617.0;Homem-Aranha altivo no topo de Manhattan
67;00:02:54.120;00:02:57.600;3.48;00:02:52.500;00:02:55.980;1779;x=640.0;Homem-Aranha ajustando a máscara no topo do prédio
68;00:02:57.600;00:03:00.430;2.83;00:03:00.000;00:03:02.830;891;x=395.0;Salto espetacular em direção ao sol nascente
